<?xml version="1.0" encoding="UTF-8"?>
<!-- 
	@gt > 
	@lt < 
	@lteq <= 
	@gteq >= 
	@or || 
	@and && 
	@bitwise_and & 
	@bitwise_or | 
	@left_shift << 
	@right_shift >> 
	@right_unsigned_shift >>> 
	@and_assign &= 
	@or_assign |= 
	@left_shift_assign <<= 
	@right_shift_assign >>= 
	@right_unsigned_shift_assign >>>= 
	
	$Powered By vRules4j-Digester Automatically On Mon Apr 25 00:42:24 CST 2011$
	Visit http://sourceforge.net/projects/vrules/ to download the latest version
	
	Author: jordan.xue
-->
<vRules4j>
	<globalConfig>
		<decisionMode>false</decisionMode>
		<returnErrorId>false</returnErrorId>
		<displayErrorValue>true</displayErrorValue>
		<toggleBreakpoint>off</toggleBreakpoint>
		<includes>./ProcessFoundationRules.xml</includes>
	</globalConfig>
	<imports></imports>
	<javaBody></javaBody>
	<contexts>
		<context className="examples.process.model.ServiceContext"
			name="c" />
	</contexts>
	<decisionConstants>
		<definition name="" value="" />
	</decisionConstants>
	<object desc="" extensions ="FinanceServices" id="NewBizServices" name="NewBizServices">
		<className>examples.process.model.ProcessRuleModel</className>
		<nillable>false</nillable>
		<rules>
			<rule breakpoint="off" depends="NewBizServices2" desc=""
				id="NewBizServices1" ifFalse="" ifTrue="" isComplexType="true"
				isMapOrList="false" name="NewBizServices1" recursive="true" refId=""
				sequence="2">
				<dataType>
					class examples.process.model.ProcessRuleModel
				</dataType>
				<attributes>processModel</attributes>
				<outputBool>out</outputBool>
				<predicate>
					invoke("examples.process.rules.NewBizServices",c)
				</predicate>
				<errorMessage id="processModelErrorMsg"
					returnId="false">
					The processModel information of ProcessRuleModel is
					null!
				</errorMessage>
				<decisionObject />
			</rule>
			<rule breakpoint="off" depends="" desc=""
				id="NewBizServices2" ifFalse="" ifTrue="" isComplexType="true"
				isMapOrList="false" name="NewBizServices2" recursive="true"
				refId="FinanceServices" sequence="1">
				<dataType>
					class examples.process.model.ProcessRuleModel
				</dataType>
				<attributes>processModel</attributes>
				<outputBool>out</outputBool>
				<predicate>
					invoke("examples.process.rules.NewBizServices",c)
				</predicate>
				<errorMessage id="processModelErrorMsg"
					returnId="false">
					The processModel information of ProcessRuleModel is
					null!
				</errorMessage>
				<decisionObject />
			</rule>
		</rules>
	</object>
	<object desc="" id="FinanceServices" name="FinanceServices">
		<className>examples.process.model.ProcessRuleModel</className>
		<nillable>false</nillable>
		<rules>
			<rule breakpoint="off" depends="" desc=""
				id="FinanceServices1" ifFalse="" ifTrue="" isComplexType="true"
				isMapOrList="false" name="FinanceServices1" recursive="false"
				refId="" sequence="1">
				<dataType>
					class examples.process.model.ProcessRuleModel
				</dataType>
				<attributes></attributes>
				<outputBool>out</outputBool>
				<predicate>
					invoke("examples.process.rules.FinanceServices",c)
				</predicate>
				<errorMessage id="processModelErrorMsg"
					returnId="false">
					The processModel information of ProcessRuleModel is
					null!
				</errorMessage>
				<decisionObject />
			</rule>
			<rule breakpoint="off" depends="FinanceServices1" desc=""
				id="NewBizServices2" ifFalse="" ifTrue="" isComplexType="true"
				isMapOrList="false" name="FinanceServices2" recursive="false"
				refId="" sequence="2">
				<dataType>
					class examples.process.model.ProcessRuleModel
				</dataType>
				<attributes></attributes>
				<outputBool>out</outputBool>
				<predicate>
					invoke("examples.process.rules.FinanceServices",c)
				</predicate>
				<errorMessage id="processModelErrorMsg"
					returnId="false">
					The processModel information of ProcessRuleModel is
					null!
				</errorMessage>
				<decisionObject />
			</rule>
		</rules>
	</object>
</vRules4j>
